SIGNAL_NAME,Lat,Lng
UP RIG STR,2153.50670,8323.20330
UP RIG ADV STR,2153.56020,8323.01090
UP JSPL DIST,2153.78170,8322.65480
UP JSPL INNR DIST,2154.09540,8322.19030
UP JSPL HOME,2154.40960,8321.72120
UP JSPL STR,2154.72630,8321.24690
UP NEU SEC AHEAD,2154.83020,8321.09040
UP KDTR INNR DIST,2154.99600,8320.84040
UP KDTR HOME,2155.23620,8320.47870
UP KDTR STR,2155.69280,8319.77530
UP KDTR INT STR,2155.84720,8319.54780
UP KDTR ADV STR,2155.92060,8319.43700
UP L XING:293,2155.96280,8319.38260
UP IB DIST,2156.59380,8318.43110
UP IB INNR DIST,2156.91140,8317.94430
UP IBH SIG,2157.22830,8317.46910
UP GATE SIG,2157.57900,8316.93910
UP L XING:297,2157.68030,8316.79300
UP NEU SEC AHEAD,2157.83560,8316.55640
UP BEF HOME,2157.93600,8316.40520
UP BEF R HOME,2158.21250,8315.98440
UP L XING:298,2158.27030,8315.89660
UP BEF STR,2158.57270,8315.43500
UP L XING:299,2158.61170,8315.38130
UP BEF ADV STR,2158.63660,8315.33650
UP GATE DIST,2158.92120,8314.91290
UP GATE INNR DIST,2159.24580,8314.42200
UP GATE SIG,2159.55630,8313.95200
UP L XING:301,2159.61210,8313.86760
UP SPGCL HOME,2200.03280,8313.04850
UP SPGCL STR,2200.00510,8312.59590
UP L XING:303,2159.96610,8312.48090
UP ROB IN DIST,2159.71070,8311.95800
UP ROB HOME,2159.48880,8311.48020
UP L XING:305,2159.44990,8311.36540
UP ROB STR,2159.40470,8310.62630
UP ROB INT STR,2159.46960,8310.42790
UP ROB ADV STR,2159.54770,8310.19290
UP IB DIST,2159.81260,8309.37960
UP IB INNR DIST,2159.87300,8308.79680
UP NEU SEC AHEAD,2159.88670,8308.63980
UP IB SIG,2159.87450,8308.08980
UP GATE SIG,2159.86250,8307.80930
UP L XING:311,2159.85630,8307.67040
UP KHS INNR DIST,2159.76710,8307.22730
UP KHS HOME,2159.62980,8306.65200
UP KHS STR,2159.45030,8305.82200
UP L XING:313,2159.45230,8305.74640
UP KHS ADV STR,2159.47550,8305.55150
UP JDI DIST,2159.61940,8304.97110
UP JDI INNR DIST,2159.76350,8304.33130
UP JDI HOME,2159.86590,8303.80260
UP L XING:316,2159.89230,8303.66620
UP JDI STR,2200.01430,8303.03300
UP JDI ADV STR,2200.05080,8302.84530
UP NEU SEC AHEAD,2200.22010,8301.98990
UP IB DIST,2200.41430,8300.98930
UP IB INNR DIST,2200.53190,8300.38230
UP IB SIG,2200.63260,8259.79620
UP GATE DIST,2200.60340,8259.43490
UP GATE INNR DIST,2200.58190,8258.83680
UP GATE SIG,2200.75220,8258.28020
UP L XING:320,2200.76220,8258.13950
UP SKT HOME,2200.76100,8257.98400
UP L XING:321,2200.73210,8257.66240
UP SKT STR,2200.69160,8257.20020
UP SKT ADV STR,2200.67430,8256.96480
UP GATE DIST,2200.98260,8254.23590
UP GATE INNR DIST,2200.98800,8253.65720
UP GATE SIG,2200.98590,8253.08180
UP L XING:324,2200.98310,8252.97270
UP IB SIG,2200.98500,8252.86780
UP JETHA,2200.98370,8252.66230
UP BUA DIST,2200.97080,8251.72460
UP BUA INNR DIST,2200.90040,8251.13080
UP BUA HOME,2200.82840,8250.53770
UP BUA INT STR,2200.74560,8249.84130
UP BUA R HOME,2200.67940,8249.24880
UP L XING:328,2200.67850,8249.07910
UP BUA STR,2200.73110,8248.60000
UP BUA ADV STR,2200.77590,8248.18310
UP SRGD DIST,2200.98880,8246.27360
UP SRGD INNR DIST,2201.06180,8245.67920
UP SRGD HOME,2201.14160,8245.08570
UP SRGD STR,2201.27900,8244.34190
UP SRGD ADV STR,2201.30570,8244.19060
UP SA G:AJ127,2201.43720,8243.46480
UP L XING,2201.45780,8243.34970
UP A:AJ125,2201.57350,8242.71040
UP SA G:AJ123,2201.72050,8241.88890
UP L XING,2201.75760,8241.68330
UP SA G:AJ121,2201.82430,8241.31650
UP L XING,2201.84420,8241.20640
UP NEU SEC,2201.85780,8241.09850
UP CPH HOME,2201.91080,8240.82870
UP CPH STR,2202.09650,8239.76530
UP L XING:338,2202.09790,8239.46760
UP CPH ADV STR,2202.08140,8239.37900
UP A:AJ115,2201.80990,8238.84270
UP A:AJ111,2201.47690,8238.36410
UP A:AJ107,2201.23250,8237.79960
UP A:AJ103,2201.20820,8237.21430
UP A:AJ99,2201.20270,8236.62830
UP A:AJ95,2201.19690,8236.01770
UP A:AJ91,2201.20190,8235.23930
UP NIA HOME,2201.29570,8234.58230
UP NIA STR,2201.43200,8233.69450
UP L XING:345,2201.44250,8233.60050
UP NIA ADV STR,2201.48260,8233.27140
UP A:AJ87,2201.56810,8232.63760
UP A:AJ83,2201.67450,8231.89430
UP A:AJ79,2201.65890,8231.17400
UP NEU SEC AHEAD,2201.63720,8230.76210
UP A:AJ75,2201.60330,8230.34090
UP KPNA PH,2201.58130,8229.95330
UP SAG:AJ71,2201.56450,8229.73980
UP L XING:348,2201.55790,8229.59770
UP A:AJ67,2201.68980,8228.93100
UP A:AJ63,2201.84650,8228.32530
UP A:AJ59,2202.01450,8227.67230
UP SAG:AJ55,2202.03990,8227.04980
UP L XING:351,2202.00800,8226.88270
UP A:AJ51,2201.93520,8226.48610
UP AKT HOME,2201.82220,8225.86820
UP AKT STR,2201.74620,8225.14230
UP AKT ADV STR,2201.73050,8224.94550
UP LATIA HOME,2201.69200,8224.46280
UP L XING:354,2201.65910,8224.05480
UP LATIA STR,2201.65410,8223.99450
UP SA G:AJ45,2201.59980,8223.32140
UP L XING:355,2201.58850,8223.18460
UP A:AJ41,2201.53870,8222.56270
UP KTSH,2201.50580,8222.14340
UP A:AJ37,2201.48310,8221.85990
UP A:AJ33,2201.42800,8221.16050
UP A:AJ29,2201.50320,8220.54670
UP A:AJ25,2201.72330,8219.84730
UP A:AJ21,2201.87150,8219.10620
UP JRMG HOME,2201.98380,8218.29410
UP L XING:360,2202.00310,8218.16290
UP JRMG STR,2202.07860,8217.64140
UP JRMG ADV STR,2202.12430,8217.46530
UP NEU SEC AHEAD,2202.25650,8217.13890
UP SA G:AJ17,2202.40860,8216.76560
UP L XING:361,2202.45250,8216.65820
UP A:AJ13,2202.69390,8216.07460
UP A:AJ09,2202.94400,8215.47180
UP GTW HOME,2203.21740,8214.80720
UP GTW INT HOME,2203.36420,8214.21010
UP GTW STR,2203.14570,8213.50640
UP GTW ADV STR,2203.08910,8213.38310
UP A:AJ5,2202.82270,8212.56880
UP A:AJ1,2202.92910,8211.97480
UP BSP HOME,2203.08280,8211.36080
UP BSP INT HOME,2203.13560,8211.14890
UP BSP STR,2203.39940,8210.13860
UP BSP INT STR,2203.54410,8209.56100
UP BSP INT STR,2203.49520,8208.54680
UP BSP ADV STR,2203.27180,8208.36360
UP NEU SEC,2203.04690,8208.19430
UP A:AR1,2202.85450,8208.05180
UP DPH HOME,2202.43090,8207.74310
UP DPH STR,2201.55490,8207.33050
UP DPH ADV STR,2201.25910,8207.20450
UP A:AR5,2200.38410,8206.83000
UP CHBT PH,2200.10480,8206.63570
UP A:AR9,2159.92040,8206.48580
UP A:AR13,2159.48420,8206.11760
UP A:AR17,2159.03620,8205.73820
UP SA G:AR21,2158.59760,8205.36910
UP L XING:372,2158.50850,8205.29980
UP BYL HOME,2158.24450,8205.07710
UP BYL STR,2157.57480,8204.50390
UP L XING:373,2157.50630,8204.45260
UP BYL ADV STR,2157.31400,8204.30710
UP SA G:AR25,2156.93850,8204.22770
UP L XING:374,2156.81040,8204.22460
UP A:AR29,2156.37970,8204.20890
UP A:AR33,2155.84750,8204.19040
UP SA G:AR37,2155.29380,8204.17160
UP L XING:375,2155.17110,8204.17040
UP DGS HOME,2154.95090,8204.16250
UP DGS STR,2154.22250,8204.13470
UP DGS ADV STR,2153.91050,8204.14350
UP SA G:AR41,2153.77190,8204.16350
UP L XING:376,2153.63480,8204.18350
UP A:AR45,2153.13070,8204.25470
UP A:AR49,2152.50520,8204.29030
UP A:AR57,2151.74910,8204.09870
UP A:AR61,2151.27520,8203.77580
UP NEU SEC,2151.09510,8203.65200
UP A:AR65,2150.65160,8203.36280
UP NPI HOME,2150.08110,8202.99900
UP NPI STR,2149.38280,8202.54780
UP NPI ADV STR,2149.14440,8202.39690
UP SA G:AR75,2148.47450,8201.96130
UP L XING:379,2148.31500,8201.86030
UP A:AR79,2147.96770,8201.50190
UP SA G:AR83,2147.64610,8200.98350
UP L XING:380,2147.55720,8200.84810
UP A:AR87,2147.33940,8200.48960
UP A:AR91,2147.03520,8200.00190
UP A:AR95,2146.72650,8159.52850
UP SA G:AR99,2146.33340,8159.13410
UP L XING:382,2146.21040,8159.01800
UP A:AR103,2145.84350,8158.64740
UP A:AR107,2145.34810,8158.15510
UP A:AR111,2144.87850,8157.68760
UP NEU SEC,2144.73180,8157.53570
UP BYT HOME,2144.32700,8157.14250
UP BYT STR,2143.80270,8156.61190
UP BYT INT STR,2143.35980,8156.18010
UP L XING:385,2143.29940,8156.12010
UP BYT ADV STR,2143.21310,8156.03360
UP GATE SIG,2142.57210,8155.39550
UP L XING:386,2142.50070,8155.32510
UP IB DIST,2141.47530,8154.30460
UP IB-INR-DIST,2141.06160,8153.89450
UP IBH SIG,2140.65340,8153.48820
UP L XING:389,2140.12300,8152.96190
UP HN EAST DIST,2139.77640,8152.61810
UP HN INNR DIST,2139.37860,8152.22260
UP HN EAST HOME,2138.85800,8151.70450
UP L XING:390,2138.62250,8151.46140
UP HN HOME,2138.27950,8151.12930
UP HN STR,2137.81370,8150.67080
UP L XING:391,2137.72900,8150.58100
UP HN ADV STR,2137.57690,8150.43010
UP GATE SIG,2137.20060,8150.05460
UP L XING:392,2137.12890,8149.98330
UP IB DIST,2136.94490,8149.79980
UP IB-INR-DIST,2136.51940,8149.37740
UP IBH SIG,2136.11100,8148.97160
UP GATE INNR DIST,2135.68880,8148.55150
UP L XING:394,2135.61870,8148.48330
UP GATE SIG,2135.23510,8148.28160
UP L XING:395,2135.08650,8148.24210
UP TLD DIST,2134.89200,8148.18890
UP TLD INNR DIST,2134.32940,8148.03460
UP NEU SEC,2134.13950,8147.98560
UP TLD HOME,2133.67570,8147.85490
UP TLD STR,2132.90610,8147.64640
UP L XING:398,2132.81510,8147.62060
UP TLD ADV STR,2132.72960,8147.59660
UP GATE SIG,2132.11990,8147.42220
UP L XING:399,2131.99430,8147.39450
UP BKTHE INNR DIST,2131.58040,8147.27970
UP BKTHE HOME,2130.96700,8147.11130
UP BKTHE STR,2130.43290,8146.96580
UP BKTHW HOME,2129.67110,8146.75730
UP BKTHW STR,2129.27270,8146.64740
UP GATE SIG,2129.12810,8146.60740
UP L XING:401,2129.02750,8146.58050
UP GATE INNR DIST,2128.45220,8146.42180
UP GATE SIG,2127.88830,8146.26800
UP L XING:403,2127.79060,8146.24160
UP IBH SIG,2127.35930,8146.12500
UP GATE SIG,2126.91670,8146.00040
UP L XING:404,2126.81860,8145.95210
UP SLH HOME,2126.27940,8145.56940
UP SLH STR,2125.50420,8145.30170
UP L XING:405,2125.37080,8145.25430
UP SLH ADV STR,2125.24960,8145.21240
UP L XING:406,2124.49430,8144.96480
UP IB DIST,2123.46600,8144.62840
UP IB-INR-DIST,2122.93680,8144.45450
UP IBH SIG,2122.42120,8144.26460
UP MDH DISTANT,2121.40280,8143.45890
UP MDH INNR DIST,2120.96150,8143.14690
UP MDH HOME,2120.50240,8142.71190
UP MDH STR,2120.15570,8142.07860
UP MDH ADV STR,2120.02120,8141.82950
UP IB DIST,2119.81930,8141.46330
UP IB-INR-DIST,2119.45520,8141.04880
UP IBH SIG,2118.96590,8140.47650
UP URK INNR DIST,2118.63290,8140.07370
UP NEU SEC,2118.49690,8139.89060
UP URK HOME,2118.22810,8139.56390
UP L XING:414,2118.03400,8139.32660
UP URK STR,2117.62560,8138.84710
UP URK ADV STR,2117.36800,8138.70890
UP L XING:415,2117.34870,8138.69870
UP GATE INNR,2116.85920,8138.44590
UP WRS PH,2116.66700,8138.33680
UP GATE SIG,2116.41460,8138.22460
UP L XING:417,2116.31890,8138.18310
UP R HOME,2115.90440,8137.99860
UP R STR,2115.19110,8137.67810
UP R ADV STR,2114.96310,8137.40410
UP A:A401,2115.03170,8136.75570
UP SRWN PH,2115.13340,8136.27290
UP SA G:A399,2115.15880,8136.18260
UP L XING:419,2115.17280,8136.07860
UP A:A397,2115.28400,8135.54570
UP SZB HOME,2115.23310,8134.89640
UP SZB STR,2115.15680,8134.21580
UP SZB ADV STR,2115.11990,8133.87060
UP NEU SEC,2115.08650,8133.51090
UP A:A395,2115.05580,8133.21660
UP A:A393,2115.02060,8132.67550
UP SA G:A391,2114.95650,8131.74130
UP L XING:429,2114.91290,8131.63910
UP KMI HOME,2114.85820,8131.51700
UP KMI STR,2114.53680,8130.81540
UP KMI ADV STR,2114.40900,8130.51610
UP L XING:430,2114.38910,8130.47110
UP A:A389,2114.02790,8129.96670
UP A:A387,2113.66070,8129.39420
UP CCBIN HOME,2113.40540,8128.82670
UP CCBIN STR,2113.28400,8128.55810
UP GCBIN HOME,2113.03000,8127.99350
UP GCBIN STR,2112.80350,8127.49900
UP GCBIN ADV STR,2112.68750,8127.22800
UP A:A385,2112.58930,8126.64730
UP BIA HOME,2112.35680,8125.92660
UP BIA STR,2112.19500,8125.04880
UP BIA ADV STR,2112.24950,8124.61810
UP NEU SEC,2112.28680,8124.27970
UP SA G:A379,2112.34010,8123.78700
UP L XING:440,2112.36370,8123.59130
UP A:A377,2112.43340,8123.00120
UP BPHB PH,2112.48260,8122.55090
UP A:A375,2112.49710,8122.30610
UP A:A373,2112.36540,8121.57820
UP BQR HOME,2112.23450,8120.90750
UP BQR STR,2112.04180,8119.90860
UP BQR ADV STR,2111.97970,8119.60020
UP DLBS HOME,2111.81240,8118.75970
UP DURG HOME,2111.76260,8118.24080
UP DURG INT HOME,2111.82500,8118.04570
UP DURG STR,2112.08710,8117.32080
UP DURG ADV STR,2112.18760,8117.05360
UP SA G:A361,2112.32550,8116.54210
UP L XING:,2112.30720,8116.42230
UP SA G:A359,2112.15960,8115.79450
UP L XING:,2112.13400,8115.68110
UP A:A357,2111.96270,8114.75980
UP RSM HOME,2112.17450,8113.83100
UP RSM STR,2112.26390,8112.88900
UP RSM ADV STR,2112.20650,8112.65490
UP NEU SEC,2111.95470,8111.63050
UP SA G:A351,2111.78110,8111.13380
UP L XING:,2111.72740,8110.98130
UP A:A349,2111.52450,8110.40270
UP SA G:A347,2111.22600,8109.55310
UP L XING:,2111.18820,8109.44620
UP MUP HOME,2111.14080,8109.31160
UP MUP STR,2110.91890,8108.73240
UP L XING:,2110.84450,8108.61050
UP MUP ADV STR,2110.83150,8108.59340
UP A:A345,2110.03090,8107.70200
UP A:A343,2109.38740,8106.99020
UP PMS HOME,2108.82650,8106.36910
UP PMS STR,2108.36340,8105.85570
UP PMS INT STR,2108.23170,8105.71090
UP PMS ADV STR,2108.05020,8105.51250
UP A:A341,2107.38200,8104.77580
UP A:A339,2106.72870,8104.00240
UP DJ OPEN,2106.64750,8103.79520
UP RJN HOME,2106.05400,8102.76720
UP L XING:,2106.01440,8102.59330
UP RJN STR,2106.12030,8102.10170
UP RJN ADV STR,2106.18870,8101.84960
UP A:A335,2106.20660,8101.46990
UP A:A333,2106.30880,8100.60180
UP A:A331,2106.39050,8059.93690
UP A:A329,2106.49160,8059.11930
UP SA G:A327,2106.65690,8058.14630
UP L XING:,2106.70500,8058.04810
UP SA G:A325,2107.09290,8057.25380
UP L XING:,2107.14420,8057.14850
UP BAKL HOME,2107.21360,8057.00610
UP BAKL STR,2107.54130,8056.33610
UP BAKL ADV STR,2107.63730,8056.13790
UP L XING:,2107.73300,8055.92090
UP SA G:A317,2107.82140,8055.26410
UP L XING:,2107.83390,8055.16630
UP A:A315,2107.68590,8054.31910
UP SA G:A313,2108.00170,8053.85730
UP L XING:,2108.08170,8053.78150
UP A:A311,2108.52890,8053.35850
UP MUA HOME,2108.92850,8052.98040
UP MUA STR,2109.36600,8052.54850
UP L XING:,2109.40690,8052.47490
UP MUA ADV STR,2109.48820,8052.29910
UP DJ OPEN,2109.73370,8051.67120
UP A:A305,2109.87430,8051.31170
UP A:A303,2110.09530,8050.75320
UP A:A301,2110.33860,8050.22670
UP JTR HOME,2110.59360,8049.67510
UP JTR STR,2110.88040,8049.05450
UP JTR ADV STR,2110.97530,8048.83760
UP L XING:,2111.01030,8048.71140
UP A:A293,2111.04700,8048.09290
UP SA G:A291,2111.07720,8047.24800
UP L XING:,2111.08040,8047.15190
UP DGG HOME,2111.10870,8046.26260
UP DGG STR,2111.12940,8045.47460
UP DGG ADV STR,2111.14540,8045.12390
UP A:A289,2110.90540,8044.44650
UP A:A287,2110.68480,8043.92910
UP SA G:A285,2110.29820,8043.34120
UP L XING:,2110.30340,8043.21530
UP SA G:A283,2110.37390,8042.64340
UP L XING:,2110.41650,8042.52250
UP PJB HOME,2110.74710,8042.02310
UP PJB STR,2111.12190,8041.49820
UP PJB ADV STR,2111.23860,8041.33760
UP SA G:A215,2111.81770,8040.47100
UP L XING:,2111.80140,8040.35360
UP DJ OPEN,2111.76010,8040.24830
UP A:A213,2111.97960,8039.09110
UP A :A211,2112.62380,8038.50370
UP BTL HOME,2112.96110,8038.05920
UP BTL STR,2113.10300,8037.47090
UP L XING:,2113.12170,8037.41690
UP BTL ADV STR,2113.34340,8037.19050
UP A:A207,2114.11560,8036.56550
UP SA G:A205,2114.56840,8036.19730
UP L XING:,2114.69160,8036.10370
UP A:A203,2115.06040,8035.95500
UP A:A201,2115.50780,8035.63190
UP DKS HOME,2115.88350,8035.19750
UP DKS STR,2116.34200,8034.76520
UP LXING:,2116.35540,8034.75220
UP DKS ADV STR,2116.43660,8034.67500
UP A:A199,2116.25610,8033.72880
UP A:A197,2116.17100,8033.08090
UP SA G:A195,2116.50580,8032.60900
UP L XING:,2116.63360,8032.60950
UP A:A193,2116.87650,8032.12000
UP A:A191,2117.26620,8031.71090
UP A:A189,2117.66210,8031.24850
UP DJ OPEN,2117.75510,8030.99240
UP SA G:A187,2117.82360,8030.74250
UP L XING:,2117.88670,8030.51410
UP SKS HOME,2117.99210,8030.13060
UP SKS STR,2118.07630,8029.51370
UP L XING:,2118.08030,8029.36280
UP SKS ADV STR,2118.08020,8029.31440
UP L XING:,2118.08430,8028.96050
UP A:A185,2118.08850,8028.59290
UP SA G:A183,2118.09440,8028.00600
UP L XING:,2118.09740,8027.87740
UP A:A181,2118.27520,8027.42130
UP SA G:A179,2118.48990,8027.01070
UP L XING:,2118.55330,8026.89980
UP A:A177,2118.81410,8026.54090
UP DNL HOME,2119.17680,8026.04430
UP DNL STR,2119.39040,8025.30380
UP DNL ADV STR,2119.42960,8025.14400
UP A:A171,2119.62910,8024.51930
UP SA G:A169,2120.03830,8024.19350
UP L XING:,2120.14930,8024.10790
UP SA G:A167,2120.56880,8023.78410
UP L XING:,2120.66310,8023.71130
UP AGN HOME,2121.48790,8022.87230
UP L XING:,2121.53460,8022.75960
UP AGN STR,2121.81040,8022.23590
UP AGN ADV STR,2121.90880,8022.07570
UP SA G:A165,2122.29740,8021.37480
UP L XING:,2122.34890,8021.27340
UP DJ OPEN,2122.40130,8021.17030
UP A:A163,2122.76700,8020.44870
UP SA G:A161,2123.07030,8019.84910
UP L XING:,2123.13160,8019.72830
UP SA G:A159,2123.84770,8018.67010
UP L XING:,2123.91550,8018.58100
UP A:A157,2124.31900,8018.05080
UP GDM HOME,2124.66860,8017.59300
UP GDM STR,2125.03260,8017.11410
UP GDM ADV STR,2125.19410,8016.90150
UP SA G:A153,2125.60620,8016.35970
UP L XING:,2125.67800,8016.26810
UP A:A151,2126.47400,8015.40180
UP SA G:A149,2126.93030,8014.91310
UP L XING:,2127.00990,8014.82770
UP A:A147,2127.47900,8014.24140
UP A:A145,2127.64960,8013.41640
UP DJ OPEN,2127.66370,8013.05810
UP SA G:A143,2127.67280,8012.84710
UP L XING:,2127.67750,8012.72700
UP G HOME,2127.69850,8012.07790
UP G STR,2127.72410,8011.25140
UP G ADV STR,2127.75740,8010.90260
UP L XING:,2127.76190,8010.83610
UP SA G:A141,2127.78270,8010.42840
UP L XING:,2127.78880,8010.31440
UP SA G:A139,2127.81910,8009.74270
UP L XING:,2127.82610,8009.61410
UP SA G:A137,2127.84940,8009.17150
UP L XING:,2127.85550,8009.05600
UP A:A135,2127.88480,8008.49180
UP A:A133,2127.91660,8007.91210
UP SA G:A131,2127.89560,8007.32950
UP A:A129,2127.70430,8006.77010
UP SA G:A127,2127.49940,8006.24690
UP L XING:,2127.45030,8006.12110
UP A:A125,2127.14510,8005.33930
UP A:A123,2126.94090,8004.82030
UP GJ HOME,2126.71580,8004.24790
UP GJ STR,2126.56330,8003.53980
UP GJ ADV STR,2126.57090,8003.38600
UP SA G:A121,2126.60200,8002.36310
UP L XING:,2126.55430,8002.21720
UP A:A119,2126.25800,8001.83600
UP A:A117,2126.15120,8001.09790
UP A:A115,2126.06990,8000.52020
UP SA G:A113,2125.99150,7959.96900
UP L XING:,2125.96400,7959.77300
UP KWN HOME,2125.93980,7959.59910
UP KWN STR,2125.75640,7958.75970
UP L XING:,2125.73100,7958.64640
UP KWN ADV STR,2125.71910,7958.59320
UP DJ OPEN,2125.64630,7958.23950
UP SA G:A111,2125.54740,7957.80620
UP L XING:,2125.51900,7957.68340
UP A:A109,2125.39320,7957.13610
UP SA G:A107,2125.27540,7956.62450
UP L XING:,2125.20980,7956.34190
UP A:A105,2125.13310,7956.04320
UP TRO HOME,2124.97430,7955.48530
UP L XING:,2124.93800,7955.36100
UP TRO STR,2124.79110,7954.84510
UP TRO ADV STR,2124.74910,7954.68720
UP L XING:,2124.73090,7954.61570
UP A:A103,2124.56520,7954.01930
UP SA G:A101,2124.33700,7953.20600
UP L XING,2124.30380,7953.08750
UP A:A99,2124.16940,7952.60810
UP SA G:A97,2123.98220,7951.94180
UP L XING,2123.94000,7951.81210
UP A:A95,2123.74090,7951.41230
UP A:A93,2123.27810,7950.91760
UP MNU HOME,2122.71920,7950.47860
UP MNU STR,2122.30480,7950.03480
UP MNU ADV STR,2122.20300,7949.90780
UP L XING,2122.15380,7949.84490
UP A:A91,2121.74210,7949.55560
UP A:A89,2121.38410,7949.10200
UP A:A87,2121.07680,7948.62290
UP A:A85,2120.74620,7948.10950
UP A:A83,2120.58770,7947.57470
UP SA G:A81,2120.75870,7946.86550
UP L XING,2120.78700,7946.75040
UP DJ OPEN,2120.80240,7946.39610
UP A:A79,2120.78820,7946.15510
UP TMR HOME,2120.75140,7945.57400
UP L XING,2120.68660,7945.33810
UP TMR STR,2120.41350,7944.90930
UP L XING,2120.25350,7944.73430
UP TMR ADV STR,2120.13050,7944.67650
UP A:A77,2119.62210,7944.45230
UP SA G:A75,2119.12590,7944.23470
UP L XING,2119.01980,7944.18800
UP A:A73,2118.23750,7943.84690
UP SA G:A71,2117.68810,7943.60750
UP L XING,2117.59030,7943.56480
UP A:A69,2117.06080,7943.33410
UP A:A67,2116.52610,7943.10090
UP K HOME,2116.00990,7942.87620
UP L XING,2115.90190,7942.82930
UP K STR,2115.38250,7942.61060
UP K INT STR,2114.96990,7942.34330
UP K ADV STR,2114.89190,7942.26110
UP SA G:A65,2114.58170,7941.83760
UP L XING,2114.50950,7941.73670
UP A:A63,2114.30030,7941.37210
UP A:A61,2114.19690,7940.80720
UP DJ OPEN,2114.22770,7940.52730
UP A:A59,2114.27980,7940.22910
UP BRD HOME,2114.37660,7939.31330
UP BRD STR,2114.29540,7938.62400
UP L XING:,2114.29320,7938.59800
UP BRD ADV STR,2114.26880,7938.38140
UP A:A55,2114.16110,7937.42020
UP A:A51,2114.05650,7935.99050
UP A:A49,2114.17970,7935.24160
UP A:A47,2114.30590,7934.48390
UP KT HOME,2114.45210,7933.60400
UP KT STR,2114.56070,7932.95770
UP KT ADV STR,2114.59800,7932.73290
UP L XING:,2114.60540,7932.68830
UP A:A45,2114.67390,7932.17930
UP A:A43,2114.71880,7931.22570
UP A:A41,2114.77480,7930.13130
UP A:A39,2115.18360,7929.07550
UP RRL HOME,2115.45270,7928.50590
UP RRL STR,2115.68270,7927.89280
UP RRL ADV STR,2115.70980,7927.66250
UP A:A37,2115.69140,7926.86110
UP DJ OPEN,2115.67810,7926.42920
UP A:A35,2115.66660,7926.06430
UP TAR HOME,2115.55610,7925.38410
UP TAR STR,2115.34810,7924.76390
UP L XING:,2115.31800,7924.67750
UP TAR ADV STR,2115.29380,7924.60850
UP SA G:A33,2115.05680,7923.93350
UP L XING:,2115.02050,7923.82880
UP A:A31,2114.87390,7923.28200
UP A:A29,2114.75550,7922.65660
UP CHCR HOME,2114.60280,7921.86940
UP L XING:,2114.56830,7921.68990
UP CHCR STR,2114.44880,7921.08460
UP CHCR ADV STR,2114.40800,7920.87100
UP A:A23,2114.28990,7920.24980
UP SA G:A21,2114.17060,7919.64220
UP L XING:,2114.14760,7919.52320
UP A:A19,2114.12460,7918.85840
UP SAL HOME,2114.14720,7918.11040
UP L XING:,2114.15070,7917.98070
UP SAL STR,2114.16810,7917.39750
UP SAL ADV STR,2114.17320,7917.23320
UP L XING:,2114.17590,7917.14890
UP A:A17,2114.10880,7916.53960
UP A:A13,2113.84430,7915.55880
UP NEU SEC,2113.79370,7915.38060
UP KNHN HOME,2113.68080,7914.95180
UP KNHN STR,2113.44320,7914.10200
UP KNHN ADV STR,2113.39620,7913.96170
UP A:A11,2113.19890,7913.21690
UP SA G:A9,2112.95040,7912.59270
UP KP HOME,2112.89360,7912.42710
UP KP STR,2112.64740,7911.77340
UP L XING,2112.59780,7911.64490
UP KP ADV STR,2112.58530,7911.61280
UP A:A5,2112.15220,7911.02210
UP A:A3,2111.33240,7910.14170
UP A:A1,2110.88940,7909.77900
UP KAV HOME,2110.28670,7909.20810
UP L XING:,2110.20920,7909.05190
UP KAV INT HOME,2110.14800,7908.82630
UP KAV STR,2110.08840,7908.35150
UP KAV ADV STR,2110.04620,7908.01910
UP L XING:,2110.02390,7907.85020
UP GATE IN DIST,2109.93770,7907.18100
UP DJ OPEN,2109.89170,7906.50460
UP GATE SIG,2109.84330,7906.33600
UP L XING:,2109.81070,7906.22090
UP NGP HOME,2109.74190,7905.89350
UP NGP INT HOME,2109.56810,7905.45850
UP NGP R HOME,2109.36720,7905.35010
UP NGP STR,2108.97840,7905.31550
UP URK STR,2117.62560,8138.84710
UP URK ADV STR,2117.25300,8138.63760
L XING:415,2117.34870,8138.69870
UP A:A411,2116.80730,8138.02380
UP A:A409,2116.41300,8137.33560
UP A:A407,2116.07710,8136.71370
UP A:A405,2115.87230,8136.16610
UP A:A403,2115.64160,8135.61140
UP SZB HOME,2115.30500,8134.99360
UP KRBA STR,2220.14420,8242.87860
UP L XING,2220.09340,8242.92340
UP KRBA ADV STR,2219.91320,8243.09690
UP A:AG40,2219.44760,8243.36590
UP SA G:AG38,2218.95780,8243.36650
UP L XING,2218.83760,8243.39720
UP A:AG36,2218.45140,8243.45100
UP SA G:AG34,2217.92480,8243.33250
UP L XING,2217.80360,8243.30770
UP A:AG32,2217.35990,8243.36720
UP SA G:AG30,2216.86570,8243.69900
UP L XING,2216.79430,8243.78990
UP URGA HOME,2216.53160,8244.12400
UP L XING,2216.53190,8244.12260
UP URGA STR,2215.89040,8244.18750
UP URGA ADV STR,2215.76360,8244.18860
UP PLAU HOME,2215.09700,8244.21410
UP PLAU STR,2214.68200,8244.19370
UP SA G:AG26,2214.16570,8244.25610
UP L XING,2214.06530,8244.24340
UP SA G:AG24,2213.54840,8244.08570
UP L XING,2213.38210,8244.04550
UP SRBA HOME,2213.23550,8244.02790
UP SRBA STR,2212.61430,8243.95150
UP SRBA ADV STR,2212.38710,8243.92530
UP A:AG22,2211.72220,8243.70590
UP SA G:AG20,2211.38250,8243.43230
UP L XING,2211.28480,8243.36690
UP A:AG18,2210.91210,8243.16810
UP MWRN HOME,2210.45890,8242.92950
UP L XING,2210.37020,8242.88230
UP MWRN STR,2209.82270,8242.66960
UP MWRN ADV STR,2209.66690,8242.61330
UP A:AG16,2209.24610,8242.41160
UP SA G:AG14,2208.85300,8242.19050
UP L XING,2208.77550,8242.14730
UP KTHD HOME,2208.29280,8241.87520
UP L XING,2208.16510,8241.81440
UP KTHD STR,2207.62920,8241.73740
UP KTHD ADV STR,2207.45400,8241.71850
UP L XING,2207.37310,8241.70920
UP SA G:AG12,2206.97440,8241.64570
UP L XING,2206.85670,8241.62520
UP A:AG10,2206.43600,8241.55220
UP BPRH HOME,2205.91700,8241.46280
UP BPRH STR,2205.31250,8241.35370
UP BPRH ADV STR,2205.19090,8241.33300
UP SA G:AG8,2204.64770,8241.24630
UP L XING,2204.49820,8241.24630
UP SA G:AG6,2204.15270,8241.27470
UP L XING,2204.04890,8241.28530
UP SVNI HOME,2203.65000,8241.25970
UP NEU SEC,2203.22040,8241.06170
UP SVNI STR,2203.03560,8240.97640
UP A:AG4,2202.40470,8240.94760
UP A:AG2,2201.71610,8241.02010
UP CPH HOME,2201.90600,8240.50510
UP PND STR,2245.13020,8153.97550
UP PND ADV STR,2244.85990,8154.01950
UP NEU SEC,2244.39020,8154.09760
UP SBRA DIST,2244.28900,8154.11420
UP SBRA INNR DIST,2243.55090,8154.23970
UP SBRA HOME,2242.99130,8154.46330
UP SBRA STR,2242.42520,8154.62500
UP SBRA ADV STR,2242.30450,8154.58490
UP KOI DIST,2241.17910,8155.30370
UP KOI INNR DIST,2240.71600,8155.75630
UP KOI HOME,2240.12360,8155.80320
UP KOI STR,2239.80200,8156.36080
UP L XING:,2239.72610,8156.48970
UP KOI ADV STR,2239.70540,8156.51750
UP BHKT DIST,2236.86450,8153.86620
UP BHTK INNR DIST,2236.69890,8153.42130
UP BHTK HOME,2236.39500,8153.56880
UP BHTK STR,2236.49340,8153.91500
UP BHTK ADV STR,2236.48690,8153.96480
UP W1,2236.48560,8153.97290
UP W2,2236.47960,8154.02350
UP W3,2236.47340,8154.07100
UP W4,2236.46550,8154.13810
UP W5,2236.45940,8154.16510
UP W6,2236.44660,8154.19930
UP W7,2236.41150,8154.24580
UP W8,2236.36480,8154.27800
UP W9,2236.30610,8154.30810
UP W10,2236.25010,8154.33660
UP W11,2236.20010,8154.35930
UP W12,2236.17300,8154.36490
UP W13,2236.14770,8154.36620
UP W14,2236.11910,8154.36240
UP W15,2236.09370,8154.35350
UP W16,2236.06720,8154.33890
UP W17,2236.02350,8154.30660
UP W18,2235.98770,8154.27540
UP W19,2235.94240,8154.23680
UP W20,2235.91970,8154.20360
UP W21,2235.90460,8154.16270
UP W22,2235.89800,8154.10830
UP W23,2235.90850,8154.05480
UP W24,2235.92960,8153.99580
UP W25,2235.94830,8153.93710
UP W26,2235.95220,8153.87650
UP W27,2235.93770,8153.81680
UP W28,2235.90650,8153.76770
UP W29,2235.86360,8153.70940
UP W30,2235.83680,8153.67190
UP W31,2235.79810,8153.61850
UP W32,2235.76010,8153.56530
UP W33,2235.72760,8153.51600
UP W34,2235.71660,8153.48710
UP W35,2235.70790,8153.45770
UP W36,2235.70530,8153.43860
UP W37,2235.70090,8153.37710
UP W38,2235.69710,8153.31220
UP W39,2235.69340,8153.25060
UP W40,2235.69110,8153.21170
UP W41,2235.68890,8153.17280
UP W42,2235.68680,8153.13710
UP W43,2235.68470,8153.10150
UP W44,2235.68280,8153.06900
UP W45,2235.67990,8153.03840
UP W46,2235.67310,8153.00250
UP W47,2235.66290,8152.97100
UP W48,2235.64740,8152.94210
UP W49,2235.62670,8152.91640
UP W50,2235.60190,8152.89680
UP W51,2235.57740,8152.88230
UP W52,2235.54900,8152.87230
UP W53,2235.51740,8152.86850
UP W54,2235.48880,8152.87020
UP W55,2235.45860,8152.87700
UP W56,2235.43340,8152.88910
UP W57,2235.41010,8152.90650
UP W58,2235.38840,8152.92780
UP W59,2235.36970,8152.95280
UP W60,2235.35700,8152.98100
UP W61,2235.34860,8153.01090
UP W62,2235.34530,8153.04080
UP W63,2235.34460,8153.07230
UP W64,2235.34440,8153.10100
UP W65,2235.34440,8153.16170
UP W66,2235.34480,8153.22580
UP W67,2235.34510,8153.28700
UP W68,2235.34120,8153.35370
UP W69,2235.33320,8153.41720
UP W70,2235.32330,8153.48110
UP W71,2235.32570,8153.54250
UP W72,2235.33330,8153.58250
UP W73,2235.34910,8153.62900
UP W74,2235.36030,8153.67180
UP W75,2235.36410,8153.70400
UP W76,2235.35890,8153.73600
UP W77,2235.34780,8153.77250
UP W78,2235.32950,8153.81850
UP W79,2235.30940,8153.86490
UP W80,2235.27770,8153.93730
UP W81,2235.27770,8153.93730
UP W82,2235.24030,8153.98740
UP W83,2235.18580,8154.02270
UP W84,2235.12740,8154.04060
UP W85,2235.07050,8154.05730
UP W86,2235.01400,8154.07450
UP W87,2234.96210,8154.09320
UP W88,2234.92880,8154.11260
UP W89,2234.86270,8154.18090
UP W90,2234.77660,8154.26870
UP W91,2234.74060,8154.30010
UP W92,2234.70680,8154.32550
UP W93,2234.68290,8154.33510
UP W94,2234.65400,8154.34120
UP W95,2234.61420,8154.34040
UP W96,2234.57730,8154.33200
UP W97,2234.50170,8154.30900
UP W98,2234.38070,8154.27390
UP W99,2234.33210,8154.28190
UP W100,2234.29430,8154.29980
UP W101,2234.26160,8154.32620
UP W102,2234.22710,8154.37450
UP W103,2234.21400,8154.41180
UP W104,2234.19900,8154.49010
UP W105,2234.17980,8154.57890
UP W106,2234.15660,8154.62660
UP W107,2234.13580,8154.65570
UP W108,2234.10590,8154.68540
UP KGS DIST,2234.00470,8154.74700
UP NEU SEC,2233.79490,8154.86620
UP KGS INNR DIST,2233.50280,8155.03410
UP KGS HOME,2233.18620,8155.51410
UP KGS STR,2233.05850,8156.26030
UP KGS ADV STR,2233.02140,8156.46980
UP DISTANT,2231.74010,8158.67620
UP INNR DIST,2231.22900,8158.93040
UP TGQ HOME,2230.79650,8159.35700
UP TGQ STR,2230.33860,8159.84230
UP TGQ ADV STR,2230.21690,8159.97170
UP DISTANT,2227.38780,8201.88320
UP INNR DIST,2226.85050,8202.02570
UP BIG HOME,2226.31900,8202.06050
UP BIG STR,2225.64230,8201.91390
UP BIG ADV STR,2225.40610,8201.88230
UP DJ OPEN,2224.90200,8201.76360
UP DISTANT,2223.37250,8201.14820
UP INNR DIST,2222.88330,8200.91620
UP SLKR HOME,2222.35320,8200.72660
UP SLKR STR,2221.65630,8200.54660
UP SLKR ADV STR,2221.47710,8200.49700
UP DISTANT,2219.35140,8200.78020
UP INNR DIST,2218.71520,8200.93220
UP KGB HOME,2218.21900,8201.21040
UP KGB STR,2217.74240,8201.73490
UP KGB ADV STR,2217.60290,8201.91100
UP DISTANT,2215.71910,8202.81090
UP INNR DIST,2215.17400,8203.03350
UP KLTR HOME,2214.59380,8203.27040
UP KLTR STR,2214.02410,8203.50340
UP KLTR ADV STR,2213.85500,8203.57250
UP DISTANT,2211.65080,8204.47400
UP DJ OPEN,2211.28560,8204.62430
UP INNR DIST,2211.14370,8204.68220
UP GTK HOME,2210.45630,8204.96350
UP GTK STR,2209.77550,8205.23470
UP GTK ADV STR,2209.56120,8205.32940
UP A:AK8,2208.92190,8205.59080
UP A:AK6,2208.23950,8205.87000
UP A:AK4,2207.72950,8206.07840
UP USL HOME,2206.71960,8206.49150
UP USL STR,2205.93560,8206.81490
UP USL ADV STR,2205.56830,8207.01410
UP A:AK2,2205.15240,8207.37710
UP NEU SEC,2204.53510,8207.91590
UP CORD HOME,2204.38100,8208.05330
UP CORD STR,2203.48580,8208.51410
UP BSP ADV STR,2203.24960,8208.34610
UP NEU SEC,2203.04690,8208.19430
UP A:AR3,2202.81380,8208.02090
UP DPH HOME,2202.43340,8207.74120
UP DPH STR,2201.55490,8207.33050
UP DPH ADV STR,2201.25910,8207.20450
UP DURG STR,2111.93020,8117.71180
UP DURG ADV STR,2111.81220,8118.05470
UP DURG LINK STR,2111.27000,8118.28110
UP GATE SIG,2111.04080,8118.21900
UP LXING:DD 04,2110.94480,8118.18790
UP GATE DIST,2109.76500,8119.00240
UP GATE INNR DIST,2109.45930,8119.53870
UP GATE SIG,2109.18190,8120.01970
UP LXING:DD 08,2109.14160,8120.08610
UP MXA INNR,2108.95390,8120.51120
UP MXA HOME,2109.23980,8121.02450
UP LXING:DD 10,2109.42230,8121.33430
UP MXA STR,2109.66940,8121.74950
UP MXA STR,2109.48950,8121.43770
UP LXING:DD10,2109.43870,8121.35130
UP MXA ADV STR,2109.32470,8121.15760
UP GATE DIST,2107.28810,8120.24120
UP GATE INNR DIST,2106.73910,8120.13400
UP NUE SEC AHEAD,2106.28440,8120.04420
UP GATE SIG,2106.18990,8120.02550
UP LXING:DD15,2106.06030,8120.00380
UP HALT:PUWA,2105.91990,8119.97110
UP RSA DIST,2105.02940,8119.79470
UP RSA INNR DIST,2104.49860,8119.68960
UP RSA HOME,2103.95600,8119.58220
UP RSA STR,2103.36150,8119.46020
UP LXING:DD19,2103.28660,8119.44830
UP RSA ADV STR,2103.24180,8119.43950
UP LXING:DD24,2101.19150,8119.03270
UP GATE DIST,2100.74370,8118.94280
UP GATE INNR DIST,2100.18990,8118.83080
UP GATE SIG,2059.64570,8118.72190
UP LXING:DD27,2059.52780,8118.69800
UP GDZ DIST,2058.49780,8118.48950
UP GDZ INNR DIST,2057.95800,8118.38030
UP GDZ HOME,2057.41390,8118.27000
UP GDZ STR,2056.77830,8118.13720
UP GDZ ADV STR,2056.64790,8118.11400
UP GATE SIG,2056.46980,8118.07780
UP LXING:DD33,2056.36590,8118.05680
UP NEU SEC,2055.64680,8117.90860
UP GATE DIST,2053.53270,8117.48170
UP GATE INNR DIST,2052.99450,8117.37160
UP GATE SIG,2052.44320,8117.25880
UP LXING:DD39,2052.33830,8117.23700
UP HALT:SKSO,2052.07970,8117.14630
UP GATE SIG,2051.74690,8117.02200
UP LXING:DD40,2051.65020,8116.98640
UP LBO DIST,2049.62450,8116.46490
UP LBO INNR DIST,2049.08910,8116.34150
UP LBO HOME,2048.54780,8116.21730
UP LBO STR,2047.93370,8116.07330
UP LBO ADV STR,2047.81310,8116.04850
UP GATE SIG,2047.47870,8115.97210
UP LXING:DD46,2047.36150,8115.94430
UP GATE DIST,2045.16060,8114.22610
UP GATE INNR DIST,2044.94580,8113.64530
UP NEU SEC,2044.87850,8113.46570
UP GATE SIG,2044.74600,8113.10600
UP LXING:DD48,2044.70520,8112.99540
UP BXA HOME,2044.62310,8112.77400
UP BXA STR,2044.36070,8112.07250
UP LXING:DD50,2044.30650,8111.91490
UP BXA ADV STR,2044.29790,8111.89190
UP HALT:BSBH,2041.37450,8107.56170
UP KYS DIST,2039.74440,8106.81710
UP KYS INNR,2039.34800,8106.40040
UP KYS HOME,2039.01000,8105.94590
UP KYS STR,2038.56580,8105.41530
UP KYS ADV STR,2038.42260,8105.35350
UP LXING:DD59,2038.34320,8105.31740
UP DRZ DIST,2036.81800,8104.62780
UP NEU SEC,2036.76570,8104.60790
UP DRZ INNR,2036.31180,8104.39860
UP DRZ HOME,2035.80310,8104.20460
UP DRZ STR,2035.11240,8104.06460
UP DRZ ADV STR,2034.83530,8104.00130
UP UNMND LXING,2034.83530,8104.00130
UP HALT:SHIT,2029.52660,8104.62640
UP GUDM DIST,2028.05030,8104.95750
UP GUDM INNR,2027.48750,8105.05260
UP LXING:DD62,2027.41460,8105.08050
UP GUDM HOME,2026.79500,8105.21740
UP GUDM STR,2026.11500,8105.08300
UP GUDM ADV STR,2025.95920,8105.05140
UP BPTP DIST,2019.47920,8103.74800
UP BPTP INNR DIST,2018.92880,8103.70000
UP NEU SEC,2018.78450,8103.68640
UP BPTP HOME,2018.37260,8103.71120
UP BPTP STR,2017.64370,8103.93100
UP BPTP ADV STR,2017.48700,8103.97500
UP KETI DIST,2015.26690,8104.31720
UP KETI INNR DIST,2014.72480,8104.47830
UP KETI HOME,2014.13650,8104.67760
UP KETI STR,2013.45860,8104.90960
UP KETI ADV STR,2013.28340,8104.96520
UP AAGH DIST,2007.17940,8108.50450
UP AAGH INNR DIST,2006.63100,8108.43130
UP NEU SEC,2006.40910,8108.40410
UP AAGH HOME,2006.07440,8108.36430
UP AAGH STR,2005.41570,8108.33710
UP AAGH ADV STR,2005.25350,8108.32620
UP W1,2004.87940,8108.37450
UP W2,2004.26400,8108.36700
UP W3,2003.85830,8108.30760
UP W4,2003.54320,8108.25890
UP W5,2003.44330,8108.25280
UP W6,2003.34050,8108.28370
UP W7,2003.04220,8108.44000
UP W8,2002.81440,8108.55870
UP W9,2002.72150,8108.59370
UP W10,2002.56780,8108.61640
UP W11,2002.15150,8108.78500
UP W12,2001.73190,8108.96220
UP W13,2001.56420,8108.99270
UP W14,2000.99490,8109.04820
UP W15,2000.34810,8109.02700
UP W16,1959.74330,8109.00640
UP W17,1959.06360,8108.98320
UP W18,1958.97220,8109.00680
UP W19,1958.90090,8109.05910
UP W20,1958.80330,8109.17050
UP W21,1958.73220,8109.25180
UP W22,1958.65290,8109.34230
UP W23,1958.62510,8109.35920
UP W24,1958.57760,8109.37320
UP W25,1958.54510,8109.36990
UP W26,1958.50380,8109.36560
UP W27,1958.46840,8109.34890
UP W28,1958.42760,8109.32960
UP W29,1958.39480,8109.29790
UP W30,1958.37210,8109.25730
UP W31,1958.33620,8109.15590
UP W32,1958.29290,8109.03370
UP TDOK DIST,1958.23490,8108.87470
UP TDOK INNR DIST,1958.05440,8108.37470
UP TDOK HOME,1957.85290,8107.80880
UP TDOK STR,1957.38240,8107.29260
UP 4TH KDTR STR,2155.84720,8319.54780
UP 4TH KDTR INT STR,2155.84390,8319.54730
UP 4TH KDTR ADV STR,2155.91480,8319.43720
UP 4TH GATE DIST,2156.94220,8317.89810
UP 4TH GATE INNR DIST,2157.26040,8317.41320
UP 4TH GATE SIG,2157.57630,8316.93380
UP 4TH L XING:297,2157.68030,8316.79300
UP 4TH NEU SEC AHEAD,2157.83560,8316.55640
UP 4TH BEF HOME,2157.92200,8316.41800
UP 4TH BEF R HOME,2158.20730,8315.98060
UP 4TH L XING:298,2158.27030,8315.89660
UP 4TH BEF STR,2158.54450,8315.47420
UP 4TH L XING:299,2158.61170,8315.38130
UP 4TH BEF ADV STR,2158.66760,8315.28480
UP 4TH GATE DIST,2158.92860,8314.89980
UP 4TH GATE INNR DIST,2159.25430,8314.40300
UP 4TH GATE SIG,2159.56210,8313.93750
UP 4TH L XING:301,2159.61210,8313.86760
UP 4TH SPGCL HOME,2200.01370,8313.13820
UP 4TH SPGCL STR,2159.99580,8312.58390
UP 4TH ROB INNR DIST,2159.73140,8312.01490
UP 4TH ROB HOME,2159.49270,8311.49690
UP 4TH ROB STR,2159.37050,8310.75340
UP 4TH ROB INT STR,2159.46190,8310.44270
UP 4TH ROB ADV STR,2159.55660,8310.16400
UP 4TH GATE DIST,2159.84970,8309.00920
UP 4TH GATE INNR DIST,2159.88080,8308.40710
UP 4TH DJ OPEN,2159.87830,8308.35090
UP 4TH GATE SIG,2159.85880,8307.81460
UP 4TH L XING:311,2159.85630,8307.67040
UP 4TH KHS INNR DIST,2159.76920,8307.25220
UP 4TH KHS HOME,2159.63730,8306.69420
UP 4TH KHS STR,2159.45950,8305.90370
UP 4TH L XING:313,2159.45230,8305.74640
UP 4TH KHS ADV STR,2159.45670,8305.68040
UP 4TH JDI DIST,2159.61990,8304.96570
UP 4TH JDI INNR DIST,2159.75610,8304.36510
UP 4TH JDI HOME,2159.86710,8303.78230
UP 4TH L XING:316,2159.89230,8303.66620
UP 4TH JDI STR,2200.01300,8303.02730
UP 4TH JDI ADV STR,2200.05280,8302.83720
UP 4TH DJ OPEN,2200.21730,8301.96530
UP 4TH GATE DIST,2200.59970,8259.46760
UP 4TH GATE INNR DIST,2200.57240,8258.82940
UP 4TH GATE SIG,2200.74340,8258.28280
UP 4TH L XING:320,2200.76220,8258.13950
UP 4TH SKT HOME,2200.74500,8257.89500
UP 4TH L XING:321,2200.73210,8257.66240
UP 4TH SKT STR,2200.68610,8257.22670
UP 4TH BUA DIST,2200.96910,8251.68060
UP 4TH BUA INNR DIST,2200.89970,8251.09530
UP 4TH BUA HOME,2200.82400,8250.45990
UP 4TH BUA INT STR,2200.74540,8249.79410
UP 4TH BUA R HOME,2200.68070,8249.23570
UP 4TH L XING:328,2200.67850,8249.07910
UP 4TH BUA STR,2200.73290,8248.61940
UP 4TH BUA ADV STR,2200.75600,8248.41220
UP 4TH SRGD STR,2201.27900,8244.34190
UP 4TH SRGD ADV STR,2201.30570,8244.19060
UP 4TH SAG:AJ307,2201.43720,8243.46480
UP 4TH L XING,2201.45780,8243.34970
UP 4TH A:AJ305,2201.57350,8242.71040
UP 4TH SAG:AJ303,2201.72050,8241.88890
UP 4TH L XING,2201.75760,8241.68330
UP 4TH SAG:AJ301,2201.82430,8241.31650
UP 4TH L XING,2201.84420,8241.20640
UP 4TH NEU SEC AHEAD,2201.85780,8241.09850
UP 4TH CPH HOME,2201.91080,8240.82870
UP 4TH LATIA HOME,2201.69950,8224.55990
UP 4TH LATIA STR,2201.65440,8224.01450
UP 4TH A:UOAJ45,2201.60040,8223.34990
UP 4TH A:UOAJ41,2201.53900,8222.59510
UP 4TH KTSH PH,2201.50460,8222.16930
UP 4TH A:UOAJ37,2201.47950,8221.85780
UP 4TH A:UOAJ33,2201.42550,8221.17330
UP 4TH A:UOAJ29,2201.50380,8220.53910
UP 4TH A:UOAJ25,2201.72090,8219.85550
UP 4TH A:UOAJ21,2201.87220,8219.09520
UP 4TH JRMG HOME,2201.98430,8218.28530
UP 4TH JRMG ADV STR,2202.11920,8217.44630
UP 4TH DJ OPEN,2202.26390,8217.12370
UP 4TH SA G:UOAJ11,2202.40120,8216.76400
UP 4TH L XING:361,2202.45250,8216.65820
UP 4TH A:UOAJ09,2202.68580,8216.07670
UP 4TH A:UOAJ07,2202.93380,8215.47940
UP 4TH A:UOAJ05,2203.16340,8214.92640
UP 4TH GTW HOME,2203.34940,8214.36850
UP 4TH GTW STR,2203.13960,8213.54440
UP 4TH GTW ADV STR,2203.07490,8213.39890
UP 4TH A:UOAJ03,2202.81720,8212.62620
UP 4TH A:UOAJ01,2202.91220,8212.00460
UP 4TH BSP HOME,2203.05340,8211.46200
UP 4TH BSP INT HOME,2203.13560,8211.14890
UP 4TH BSP STR,2203.34300,8210.10820
UP URK STR,2117.84340,8139.12080
UP RSD HOME,2117.24610,8139.08740
UP RSD STR,2116.46360,8139.07580
UP R STR,2115.52670,8137.81730
UP R ADV STR,2115.75190,8137.94040
UP RVH HOME,2116.05380,8138.45360
UP RVH STARTER,2115.94340,8139.20160
UP L XING:RV 3,2115.94490,8139.20840
UP RVH ADV STARTER,2115.81200,8139.56390
UP NZ 500 BOARD,2115.81220,8139.57170
UP NZ 250 BOARD,2115.76690,8139.69580
UP DJ OPEN,2115.71700,8139.83300
UP DJ CLOSE,2115.67870,8139.93840
UP GATE SIGNAL,2115.63720,8140.05270
UP L XING:RV 6,2115.59750,8140.16160
UP GATE SIGNAL,2115.42340,8140.63810
UP L XING:RV 7,2115.37790,8140.76360
UP GATE DIST,2115.04260,8141.68380
UP GATE INN DIST,2114.84500,8142.22500
UP GATE SIGNAL,2114.65000,8142.76070
UP L XING:RV 10,2114.61470,8142.85690
UP GATE DIST,2114.24260,8143.87200
UP L XING:RV 12,2114.15050,8143.12400
UP GATE INN DIST,2114.04400,8144.41500
UP GATE SIG,2113.92290,8144.99160
UP L XING:RV 13,2113.92210,8145.13030
UP MNDH HOME,2113.81200,8145.85790
UP L XING:RV 14,2113.69600,8146.15520
UP MNDH STR,2113.45410,8146.64550
UP MNDH ADV STR,2113.34260,8146.86270
UP NAYA R HOME,2113.19060,8147.45210
UP NRMH STR,2113.02160,8148.42130
UP NRMH ADV STR,2112.95880,8148.77290
UP GATE SIG,2112.85970,8149.33050
UP L XING:RV 17,2112.84250,8149.42770
UP LAE DIST,2112.54010,8151.12930
UP LAE INN DIST,2112.43220,8151.74360
UP LAE HOME,2112.30060,8152.32560
UP L XING:RV 20,2112.26140,8152.44770
UP LAE STR,2112.08710,8153.33490
UP LAE ADV STR,2112.07100,8153.61030
UP NZ 500,2111.95760,8154.37500
UP NZ 250,2111.93110,8154.52340
UP DJ OPEN,2111.92120,8154.57860
UP DJ CLOSE,2111.90400,8154.67570
UP L XING:RV 21,2111.66780,8155.99950
UP ANMD DIST,2111.63560,8156.18010
UP ANMD HOME,2111.53060,8156.77000
UP L XING:RV 23,2111.51080,8156.88080
UP ANMD STR,2111.30160,8157.49750
UP L XING:RV 24,2111.21090,8157.71820
UP ANMD ADV STR,2111.19880,8157.74800
UP L XING:RV 25,2111.13220,8157.91010
UP GATE DIST,2110.33260,8159.41210
UP GATE SIG,2110.04070,8159.93650
UP L XING:RV 28,2110.01900,8159.99650
UP BLSN DIST,2109.63020,8201.10880
UP BLSN HOME,2109.41990,8201.71140
UP BLSN STR,2109.18830,8202.37150
UP L XING:RV 30,2109.14560,8202.49360
UP BLSN ADV STR,2109.12460,8202.55370
UP L XING:RV 31,2109.01910,8202.81880
UP MSMD DIST,2107.30780,8205.16300
UP MSMD HOME,2106.96870,8205.62200
UP L XING:RV 34,2106.91730,8205.72070
UP MSMD STR,2106.79060,8206.31730
UP L XING:RV 35,2106.74810,8206.51220
UP MSMD ADV STR,2106.73700,8206.56780
UP NZ 500,2106.70710,8206.72020
UP NZ 250,2106.70420,8206.73580
UP DJ OPEN,2106.69100,8206.79980
UP DJ CLOSE,2106.68990,8206.80510
UP GATE DIST,2106.35790,8209.00340
UP GATE SIG,2106.36970,8209.65520
UP L XING:RV 38,2106.37500,8209.69580
UP ARN DIST,2106.37250,8209.84470
UP ARN HOME,2106.25750,8210.39840
UP ARN STR,2106.10090,8211.07470
UP L XING:RV 39,2106.04680,8211.31100
UP ARN ADV STR,2106.04340,8211.32610
UP L XING:RV 45,2105.43440,8215.60880
UP BMKJ DIST,2105.35590,8216.15130
UP BMKJ HOME,2104.96540,8216.71330
UP L XING:RV 46,2104.92560,8216.78220
UP BMKJ STR,2104.78340,8217.43890
UP BMKJ ADV STR,2104.74780,8217.62890
UP L XING:RV 47,2104.66100,8218.10050
UP BGBR DIST,2103.43270,8222.18350
UP BGBR HOME,2103.08190,8222.65420
UP L XING:RV 52,2103.01230,8222.74070
UP BGBR STR,2102.62630,8223.22210
UP BGBR ADV STR,2102.51140,8223.36320
UP NZ 500,2100.89940,8225.30170
UP NZ 250,2100.83530,8225.36810
UP DJ OPEN,2100.79230,8225.41250
UP DJ CLOSE,2100.76020,8225.44580
UP L XING:RV 59,2100.21130,8226.01410
UP KMK DIST,2059.72750,8226.51410
UP KMK HOME,2059.31810,8226.93890
UP KMK STR,2058.78460,8227.48770
UP L XING:RV 63,2058.59990,8227.67910
UP KMK ADV STR,2058.57820,8227.70210
UP L XING:RV 67,2056.85700,8229.05850
UP L XING:RV 68,2055.99750,8229.56880
UP KRAR DIST,2055.34250,8229.97650
UP GATE CUM DIST,2054.85650,8230.27970
UP L XING:RV 71,2054.78290,8230.32320
UP KRAR HOME,2054.48420,8230.47500
UP KRAR STR,2053.82880,8230.79100
UP L XING:RV 73,2053.64300,8230.88080
UP KRAR ADV STR,2053.58820,8230.90770
UP L XING:RV 76,2051.76020,8231.79190
UP NPD DIST,2049.80060,8233.15770
UP NZ 500,2049.50240,8233.27780
UP NZ 250,2049.36970,8233.32030
UP DJ OPEN,2049.34370,8233.32860
UP DJ CLOSE,2049.33100,8233.33300
UP NPD HOME,2049.14070,8233.39450
UP L XING:RV 79,2048.85700,8233.49510
UP NPD STR,2048.44320,8233.92380
UP NPD ADV STR,2048.14300,8234.26510
UP L XING:RV 81,2047.75130,8234.70990
UP L XING:RV 87,2045.95190,8236.75530
UP LKNA DIST,2044.33880,8238.88330
UP L XING:RV 90,2044.27510,8238.99070
UP LKNA HOME,2044.02280,8239.41210
UP LKNA STR,2043.67330,8239.99750
UP LKNA ADV STR,2043.61010,8240.10490
UP L XING:RV 94,2042.72480,8241.27970
UP NZ 500,2040.53340,8243.34080
UP NZ 250,2040.44770,8243.42080
UP L XING:RV 100,2040.41610,8243.45010
UP DJ OPEN,2040.37420,8243.48870
UP DJ CLOSE,2040.34320,8243.51750
UP L XING:RV 102,2039.81870,8244.00630
UP GATE DIST,2039.47600,8244.32560
UP GATE SIG,2039.06940,8244.70450
UP L XING:RV 105,2039.00120,8244.76800
UP HSK DIST,2038.32490,8245.39160
UP HSK HOME,2037.87200,8245.73580
UP L XING:RV 107,2037.79770,8245.78660
UP HSK STR,2037.33870,8246.13330
UP HSK ADV STR,2037.20820,8246.23240
UP L XING:RV 108,2037.08100,8246.32860
UP TRKR DIST,2034.71910,8248.21240
UP TRKR HOME,2034.19610,8248.55320
UP TRKR STR,2033.60640,8248.97310
UP TRKR ADV STR,2033.45220,8249.08300
UP L XING:RV 118,2030.49360,8252.06290
UP KBJ DIST,2029.27960,8253.51260
UP NZ 500,2029.27850,8253.50970
UP NZ 250,2029.18770,8253.60050
UP DJ OPEN,2029.11720,8253.67350
UP DJ CLOSE,2029.05660,8253.73410
UP KBJ HOME,2028.86640,8253.92750
UP KBJ STR,2028.38720,8254.51020
UP KBJ ADV STR,2028.17450,8254.77390
UP GATE SIG,2027.93270,8255.09570
UP L XING:RV 124,2027.87470,8255.18550
UP L XING:RV 132,2025.45490,8258.35490
UP GATE DIST,2023.99470,8300.06250
UP GATE SIG,2023.63680,8300.47940
UP L XING:RV 137,2023.57710,8300.55170
UP MRBL HOME,2023.46590,8300.68110
UP MRBL STR,2023.00740,8301.18160
UP MRBL ADV STR,2022.85920,8301.34420
UP L XING:RV 141,2022.34430,8302.03270
UP NZ 500,2021.34920,8303.36760
UP NZ 250,2021.30220,8303.43010
UP DJ OPEN,2021.26460,8303.48090
UP DJ CLOSE,2021.25520,8303.49410
UP RNBT DIST,2020.25460,8304.78320
UP L XING:RV 150,2020.14070,8304.91350
UP RNBT HOME,2019.88570,8305.20650
UP L XING:RV 151,2019.80720,8305.29680
UP RNBT STR,2019.31830,8305.93010
UP RNBT ADV STR,2019.23640,8306.05760
UP L XING:RV 154,2018.74290,8306.81830
UP TIG DIST,2018.30110,8307.50830
UP TIG INN DIST,2017.99080,8307.98580
UP GATE SIG,2017.66340,8308.43700
UP L XING:RV 158,2017.56720,8308.54440
UP TIG HOME,2017.44590,8308.70890
UP TIG R HOME,2017.31270,8308.91890
UP TIG STR,2017.03890,8309.33740
UP RSD STR,500.00000,20.00000
UP RSD ADV STR,500.00000,20.00000
UP RVH HOME,500.00000,20.00000
UP URK STR,500.00000,20.00000
UP KAV STR,2110.07420,7908.28800
UP KAV ADV STR,2109.87170,7908.01170
UP ITR HOME,2109.65290,7907.90400
UP ITR STR,2109.46330,7907.14450
UP ITR ADV STR,2109.45160,7906.94170
UP GATE SIG,2109.51300,7906.54660
UP L XING,2109.55720,7906.43570
UP L XING,2109.57930,7906.27390
UP DJ OPEN,2109.73190,7905.90940
UP NGP HOME,2109.73720,7905.82010
UP NGP INT HOME,2109.56810,7905.45850
UP NGP R HOME,2109.36720,7905.35010
UP NGP STR,2108.97840,7905.31550
UP RAIPUR STR,2115.52670,8137.81750
UP R ADV STR,2115.75200,8137.94030
UP RVH HOME,2116.05380,8138.45380
UP RVH STR,2115.95680,8139.16740
UP L XING:RV3,2115.94490,8139.20840
UP RVH ADV STR,2115.81200,8139.56380
UP NEU SEC,2115.71710,8139.83300
UP GATE SIGNAL,2115.63720,8140.05270
UP L XING:RV6,2115.59750,8140.16160
UP GATE SIGNAL,2115.42350,8140.63810
UP L XING:RV7,2115.37790,8140.76360
UP GATE DIST,2115.06080,8141.63520
UP GATE INN DIST,2114.86840,8142.16320
UP GATE SIGNAL,2114.67130,8142.70400
UP L XING:RV10,2114.62940,8142.81870
UP GATE DIST,2114.24270,8143.87200
UP L XING:RV12,2114.15050,8143.12400
UP GATE INN DIST,2114.04410,8144.41500
UP GATE SIGNAL,2113.92300,8144.99160
UP L XING:RV13,2113.92210,8145.13030
UP MNDH HOME,2113.81200,8145.85790
UP L XING:RV14,2113.69600,8146.15520
UP MNDH STR,2113.46400,8146.58890
UP MNDH INT STR,2113.04110,8146.91160
UP MNDH ADV STR,2112.88010,8146.85050
UP UGNR PH,2112.77660,8146.81300
UP NEU SEC,2112.48320,8146.69990
UP CBD PH,2110.08610,8145.81950
UP FRGD PH,2108.16940,8145.10710
UP KDRI WARN BD,2107.00300,8144.47630
UP KDRI DISTANT,2106.81590,8144.33520
UP KDRI HOME,2106.23700,8144.42430
UP L XING:RD22,2106.09860,8144.48080
UP KDRI STR,2105.59830,8144.68590
UP KDRI ADV STR,2105.44490,8144.74430
UP AVP WARN BD,2104.17370,8144.96040
UP AVP DISTANT,2103.94380,8144.90900
UP AVP HOME,2103.40620,8144.78920
UP AVP STR,2102.73240,8144.63940
UP AVP ADV STR,2102.48390,8144.58750
UP WARN BD,2101.08450,8146.31430
UP GATE DIST,2100.89740,8146.48150
UP GATE SIGNAL,2100.47390,8146.85840
UP L XING:,2100.37440,8146.94760
UP MCF PH,2100.18960,8147.11170
UP RIM WARN BD,2058.62160,8150.57240
UP RIM DISTANT,2058.56020,8150.78650
UP RIM HOME,2058.39460,8151.36790
UP L XING:,2058.33970,8151.55750
UP RIM STR,2058.19970,8152.12970
